,cv_mae_mean,cv_mae_std,train_mae,train_r2,test_mae,test_rmse,test_r2,features_used
Gradient Boosting,2024.032936117876,85.3134371617958,1521.4390013629652,0.37741105448899714,1999.6559963557381,2513.161665146034,0.012228153443355816,7.0
Linear Regression,1929.3407498049564,117.00473470465946,1901.3005819471427,0.013932232571227998,2032.0093535888734,2533.470218931784,-0.0038004769809472094,7.0
Lasso Regression,1927.7454388089463,113.99987407818719,1901.612655808035,0.01197907849105262,2040.5232058255556,2540.7835685683513,-0.009604168385137557,7.0
Ridge Regression,1927.2289580114982,114.42740551805359,1902.0371130691126,0.010654723585607595,2041.994581115876,2541.6872299256147,-0.01032245271835408,7.0
Random Forest,2026.0014103740602,101.87642048585782,732.3797973602631,0.8558921788163574,2074.8363892076322,2570.1128115230636,-0.03304719711878379,7.0
LightGBM,2185.2304799038675,120.28560706743316,736.5019131677124,0.8538420758157838,2145.187347254933,2697.976958577005,-0.13839312276326887,7.0
CatBoost,2076.6190266239328,101.13315969158195,821.052562811878,0.8153378081371806,2185.10475397649,2704.5261165433812,-0.1439265764481683,7.0
XGBoost,2166.0068613547473,137.40428497657953,102.77295222737251,0.9962515562055871,2204.8601120227627,2713.022707117584,-0.1511254296241431,7.0
Decision Tree,2466.5398968312484,207.240950058639,1214.34910664613,0.4626527211782615,2388.0974327640074,3092.8490695661535,-0.4960056879983896,7.0
