feature,coefficient
cost_x_maintenance,65.30082970829244
log_torque,-150.63721143349355
maintenance_per_torque,286.92750596832633
normalized_cost,430.7934504095362
power_efficiency,123.86953204595342
