{
  "timestamp": "2025-08-11T00:47:18.732687",
  "features_used": [
    "co2_emissions_g_per_km",
    "cost_per_km",
    "energy_storage_capacity",
    "acceleration_0_100_kph_sec",
    "torque_Nm",
    "lifespan_years",
    "maintenance_cost_annual"
  ],
  "target_variable": "efficiency",
  "ev_results": {
    "Linear Regression": {
      "cv_mae_mean": 1932.6907569116315,
      "cv_mae_std": 110.3109709194684,
      "test_mae": 2052.6780405993522,
      "test_rmse": 2555.066409410038,
      "test_r2": -0.020986913766755766,
      "cv_scores": [
        -1813.886721418803,
        -2028.549217617141,
        -1803.7588161858228,
        -2077.1221164191306,
        -1940.1369129172595
      ]
    },
    "Random Forest": {
      "cv_mae_mean": 1984.4414590439894,
      "cv_mae_std": 94.12408418918712,
      "test_mae": 2076.997480582939,
      "test_rmse": 2603.0498169789707,
      "test_r2": -0.05969467031056652,
      "cv_scores": [
        -1850.8465920431504,
        -2075.065187233975,
        -1927.518969617147,
        -2105.1234455965255,
        -1963.6531007291494
      ]
    },
    "Gradient Boosting": {
      "cv_mae_mean": 1982.0153091308966,
      "cv_mae_std": 101.50395588049918,
      "test_mae": 2086.284749265046,
      "test_rmse": 2654.3234289994325,
      "test_r2": -0.10185252613556584,
      "cv_scores": [
        -1848.3059795789165,
        -2097.345971606285,
        -1909.3921688422524,
        -2101.4118615468665,
        -1953.620564080163
      ]
    },
    "Decision Tree": {
      "cv_mae_mean": 2666.6359178426956,
      "cv_mae_std": 121.70127608381175,
      "test_mae": 2708.667563815563,
      "test_rmse": 3415.4720875203716,
      "test_r2": -0.824388271647182,
      "cv_scores": [
        -2531.601362693998,
        -2883.387996071555,
        -2685.324526040921,
        -2574.898235160176,
        -2657.967469246829
      ]
    },
    "XGBoost": {
      "cv_mae_mean": 2177.541457632766,
      "cv_mae_std": 75.7563925269431,
      "test_mae": 2280.176097393819,
      "test_rmse": 2797.845696041174,
      "test_r2": -0.22423082038372932,
      "cv_scores": [
        -2081.084899857643,
        -2303.436006519858,
        -2141.2313593534172,
        -2214.142356313753,
        -2147.812666119159
      ]
    },
    "CatBoost": {
      "cv_mae_mean": 2046.8420155578383,
      "cv_mae_std": 101.28265246758676,
      "test_mae": 2181.2680897699915,
      "test_rmse": 2753.4856730181123,
      "test_r2": -0.1857180548630506,
      "cv_scores": [
        -1902.3902907534393,
        -2162.1339805748553,
        -2016.782802947229,
        -2161.52600101834,
        -1991.3770024953276
      ]
    },
    "LightGBM": {
      "cv_mae_mean": 2132.444077811907,
      "cv_mae_std": 99.39070051388147,
      "test_mae": 2197.9867432718397,
      "test_rmse": 2785.441117769257,
      "test_r2": -0.21339934211615397,
      "cv_scores": [
        -1991.8492571817492,
        -2260.539299203745,
        -2078.6640769373744,
        -2229.3352944099497,
        -2101.832461326713
      ]
    }
  },
  "ice_results": {
    "Linear Regression": {
      "cv_mae_mean": 6090.0933800551265,
      "cv_mae_std": 183.7271604600384,
      "test_mae": 6274.886475265093,
      "test_rmse": 7893.439637234174,
      "test_r2": -0.022758721664925652,
      "cv_scores": [
        -5927.303991701782,
        -6204.622720402777,
        -5949.348626191355,
        -5970.714389340671,
        -6398.477172639049
      ]
    },
    "Random Forest": {
      "cv_mae_mean": 6327.017247245609,
      "cv_mae_std": 203.29296971122537,
      "test_mae": 6788.6675741425315,
      "test_rmse": 8172.822111098722,
      "test_r2": -0.09643956771242146,
      "cv_scores": [
        -6151.354636278089,
        -6472.5466965813885,
        -6021.9979777098615,
        -6442.614364591301,
        -6546.572561067411
      ]
    },
    "Gradient Boosting": {
      "cv_mae_mean": 6379.412031262033,
      "cv_mae_std": 194.12523323420447,
      "test_mae": 6690.091447819895,
      "test_rmse": 8117.037902732724,
      "test_r2": -0.08152298866432939,
      "cv_scores": [
        -6337.679617037118,
        -6614.321998909002,
        -6058.441565531041,
        -6544.083458278472,
        -6342.533516554531
      ]
    },
    "Decision Tree": {
      "cv_mae_mean": 8824.921860140317,
      "cv_mae_std": 222.0814027500538,
      "test_mae": 8702.41970118471,
      "test_rmse": 11077.855770802675,
      "test_r2": -1.0144292567954474,
      "cv_scores": [
        -8769.444279639467,
        -8810.0501185069,
        -8587.33279804148,
        -8714.845383925936,
        -9242.936720587812
      ]
    },
    "XGBoost": {
      "cv_mae_mean": 6783.916737813936,
      "cv_mae_std": 189.52300923280572,
      "test_mae": 7250.345572188441,
      "test_rmse": 8859.3265280307,
      "test_r2": -0.2883742161958396,
      "cv_scores": [
        -6581.053654890851,
        -6864.268666586559,
        -6709.6553521536825,
        -7113.723104794711,
        -6650.882910643876
      ]
    },
    "CatBoost": {
      "cv_mae_mean": 6524.947266395464,
      "cv_mae_std": 185.07976195071265,
      "test_mae": 7144.897949926452,
      "test_rmse": 8655.713834392369,
      "test_r2": -0.22983369305917178,
      "cv_scores": [
        -6669.506108586034,
        -6546.812538667871,
        -6163.32846402623,
        -6628.813625872133,
        -6616.275594825047
      ]
    },
    "LightGBM": {
      "cv_mae_mean": 6754.942727181905,
      "cv_mae_std": 172.68287892587026,
      "test_mae": 7344.309794528589,
      "test_rmse": 8932.221484114056,
      "test_r2": -0.3096630476148352,
      "cv_scores": [
        -6695.37367294752,
        -6599.6993408320295,
        -6604.806210869038,
        -7064.525541395997,
        -6810.308869864934
      ]
    }
  },
  "best_ev_model": "Linear Regression",
  "best_ice_model": "Linear Regression",
  "dataset_info": {
    "ev_samples": 1000,
    "ice_samples": 1000,
    "total_features": 7
  }
}