,cv_mae_mean,cv_mae_std,train_mae,train_r2,test_mae,test_rmse,test_r2,features_used
XGBoost,6885.776490802518,334.26978159350824,5788.0529214468625,0.014299769571672782,5330.633211288183,6627.677052375655,-0.027397995790911622,5.0
CatBoost,6374.22924998624,313.92393811896704,5804.002942542261,0.008123971179172296,5333.6911623903925,6630.480152598714,-0.028267232037246792,5.0
Gradient Boosting,6153.918094081896,355.4638890197771,5780.965539710824,0.017320417070495253,5332.124478173311,6631.586303477757,-0.02861034853957256,5.0
LightGBM,6693.713235427293,282.30399276893735,5781.048517398035,0.016239195737929313,5327.286128064433,6635.928691308773,-0.029957865479679713,5.0
Ridge Regression,5834.843299820534,184.52721080689085,5805.542462715296,0.006110589648841591,5340.504710209606,6656.007166708573,-0.036200027072738505,5.0
Lasso Regression,5835.301896546896,185.84426461238164,5802.197370077687,0.007020714960731755,5346.145327913418,6677.438879895655,-0.04288370223084059,5.0
Linear Regression,5836.603765386675,186.51684509236617,5800.270623202827,0.00740608833982459,5367.326176765297,6698.190703556747,-0.04937582223532999,5.0
Random Forest,6231.510015839533,306.49647002095884,5528.760720055804,0.10833673020109225,5384.568298362674,6789.4996470353035,-0.07818076005389551,5.0
Decision Tree,6884.0773434141065,224.102103532665,5755.903735635044,0.02853792359473728,5424.640667202353,6816.99267064912,-0.08693029002976749,5.0
