,cv_mae_mean,cv_mae_std,train_mae,train_r2,test_mae,test_rmse,test_r2,features_used
Lasso Regression,5835.301896546896,185.84426461238164,5800.24498724509,0.00740590622265247,5366.696576066678,6697.759079443407,-0.049240585322697816,5.0
Ridge Regression,5834.843299820534,184.52721080689085,5800.300974269609,0.00740589190826102,5367.07043881335,6698.078244707583,-0.049340585673142145,5.0
Linear Regression,5836.603765386675,186.5168450923657,5800.270623202827,0.00740608833982459,5367.326176765297,6698.190703556747,-0.04937582223532977,5.0
Random Forest,6231.510015839532,306.49647002095827,2271.0113599390834,0.8488704388299736,5597.921334693176,7117.5466129077,-0.18488629860638262,5.0
Gradient Boosting,6153.918094081896,355.4638890197771,4542.669315095587,0.3880640352568566,5666.999833956004,7132.039115651758,-0.18971646027669076,5.0
CatBoost,6374.22924998624,313.92393811896704,2864.542960184535,0.7536311368176013,5886.211385440621,7384.017359974072,-0.2752679807142111,5.0
XGBoost,6885.776490802518,334.26978159350824,425.41077866210816,0.9928608591396941,6080.8299387862435,7744.520518079831,-0.4028302005047819,5.0
Decision Tree,6884.0773434141065,224.102103532665,3512.487687608855,0.5235583990376791,6125.747351304588,8005.718103742065,-0.4990517472166114,5.0
