,cv_mae_mean,cv_mae_std,train_mae,train_r2,test_mae,test_rmse,test_r2,features_used
Linear Regression,1934.2981239869646,111.33212570067883,1904.4306078880588,0.010859087413692348,2042.8731219605606,2544.6282748498743,-0.012661940304648844,7.0
Lasso Regression,1933.865582067312,110.21203684520947,1904.0404136366262,0.010757089458261482,2045.1355143985386,2546.2902242848854,-0.01398515325088634,7.0
Ridge Regression,1933.1525164352322,110.70369404110818,1904.097690373058,0.010750783623241222,2045.2031632694147,2546.3933370662044,-0.014067278175500242,7.0
Gradient Boosting,2014.263785046196,80.31556082175685,1511.4077840412879,0.3757778321111127,2052.2370643078857,2567.457471580632,-0.030913691970475554,7.0
Random Forest,2018.6155820327724,103.64278335969563,726.0356021565822,0.8566588057314088,2075.2886120012604,2577.686868092076,-0.039144895994407625,7.0
CatBoost,2081.2698432410943,84.16960556769601,791.4669700782486,0.8283691916495745,2161.7683670563674,2688.153399622373,-0.13011824652977455,7.0
LightGBM,2170.5347227413367,113.23689609184096,695.6631341286404,0.8630139902219799,2162.19714988744,2692.465176670317,-0.13374655576128358,7.0
XGBoost,2215.674540778974,127.65637066781024,72.90066067302067,0.9981581147863867,2169.4178739847794,2770.337060703859,-0.2002757021893724,7.0
Decision Tree,2418.5318554235355,279.91633271065416,1035.7616521064879,0.5781834494533259,2447.328237684468,3069.63750472617,-0.4736351619457688,7.0
