{
  "timestamp": "2025-09-01T14:32:39.896491",
  "original_features": [
    "co2_emissions_g_per_km",
    "cost_per_km",
    "energy_storage_capacity",
    "acceleration_0_100_kph_sec",
    "torque_Nm",
    "lifespan_years",
    "maintenance_cost_annual"
  ],
  "engineered_features": [
    "power_efficiency",
    "storage_per_torque",
    "cost_efficiency",
    "maintenance_per_year",
    "maintenance_per_torque",
    "lifespan_torque_ratio",
    "emission_intensity",
    "emission_per_storage",
    "torque_category_num",
    "acceleration_category_num",
    "torque_squared",
    "acceleration_squared",
    "cost_squared",
    "torque_x_lifespan",
    "cost_x_maintenance",
    "storage_x_lifespan",
    "log_maintenance",
    "log_torque",
    "log_storage",
    "normalized_torque",
    "normalized_cost",
    "normalized_maintenance"
  ],
  "ev_selected_features": [
    "co2_emissions_g_per_km",
    "normalized_cost",
    "acceleration_0_100_kph_sec",
    "maintenance_per_year",
    "torque_squared",
    "lifespan_years",
    "torque_x_lifespan"
  ],
  "ice_selected_features": [
    "cost_x_maintenance",
    "log_torque",
    "maintenance_per_torque",
    "normalized_cost",
    "power_efficiency"
  ],
  "ev_results": {
    "Linear Regression": {
      "cv_mae_mean": 1934.2981239869646,
      "cv_mae_std": 111.33212570067877,
      "train_mae": 1904.4306078880588,
      "train_r2": 0.010859087413692348,
      "test_mae": 2042.8731219605606,
      "test_rmse": 2544.628274849874,
      "test_r2": -0.012661940304648622,
      "features_used": 7
    },
    "Ridge Regression": {
      "cv_mae_mean": 1933.1525164352322,
      "cv_mae_std": 110.70369404110808,
      "train_mae": 1906.8450002774812,
      "train_r2": 0.005933560335344867,
      "test_mae": 2046.1534583169384,
      "test_rmse": 2539.8270265613487,
      "test_r2": -0.00884412961365122,
      "features_used": 7
    },
    "Lasso Regression": {
      "cv_mae_mean": 1933.865582067312,
      "cv_mae_std": 110.21203684520931,
      "train_mae": 1914.8568902635952,
      "train_r2": 0.0,
      "test_mae": 2041.9172906978324,
      "test_rmse": 2529.387691619374,
      "test_r2": -0.0005679613869529199,
      "features_used": 7
    },
    "Random Forest": {
      "cv_mae_mean": 2018.6155820327724,
      "cv_mae_std": 103.64278335969571,
      "train_mae": 1784.8408980414742,
      "train_r2": 0.13994339802126465,
      "test_mae": 2039.8565479750623,
      "test_rmse": 2535.0681490626803,
      "test_r2": -0.005067126069810968,
      "features_used": 7
    },
    "Gradient Boosting": {
      "cv_mae_mean": 2014.263785046196,
      "cv_mae_std": 80.31556082175685,
      "train_mae": 1896.1992944209364,
      "train_r2": 0.022126077691669965,
      "test_mae": 2037.9097072998047,
      "test_rmse": 2526.6505751132268,
      "test_r2": 0.001596348416512794,
      "features_used": 7
    },
    "Decision Tree": {
      "cv_mae_mean": 2418.5318554235355,
      "cv_mae_std": 279.91633271065416,
      "train_mae": 1885.1016994935885,
      "train_r2": 0.02842524854567774,
      "test_mae": 2065.7025158851147,
      "test_rmse": 2585.648265762278,
      "test_r2": -0.045573777521712655,
      "features_used": 7
    },
    "XGBoost": {
      "cv_mae_mean": 2215.674540778974,
      "cv_mae_std": 127.65637066781024,
      "train_mae": 1898.7687289641553,
      "train_r2": 0.017122633575160084,
      "test_mae": 2040.3430884162576,
      "test_rmse": 2528.1940748923935,
      "test_r2": 0.00037615079137176544,
      "features_used": 7
    },
    "CatBoost": {
      "cv_mae_mean": 2081.2698432410943,
      "cv_mae_std": 84.16960556769601,
      "train_mae": 1885.8611967043328,
      "train_r2": 0.030467886682237766,
      "test_mae": 2040.6313770673794,
      "test_rmse": 2528.710543112391,
      "test_r2": -3.2304151473594445e-05,
      "features_used": 7
    },
    "LightGBM": {
      "cv_mae_mean": 2170.5347227413367,
      "cv_mae_std": 113.23689609184096,
      "train_mae": 1898.8383149958029,
      "train_r2": 0.01727013105027686,
      "test_mae": 2043.3437902317062,
      "test_rmse": 2532.113244816499,
      "test_r2": -0.002725456274182525,
      "features_used": 7
    }
  },
  "ice_results": {
    "Linear Regression": {
      "cv_mae_mean": 5836.603765386675,
      "cv_mae_std": 186.51684509236617,
      "train_mae": 5800.270623202827,
      "train_r2": 0.00740608833982459,
      "test_mae": 5367.326176765297,
      "test_rmse": 6698.190703556747,
      "test_r2": -0.04937582223532999,
      "features_used": 5
    },
    "Ridge Regression": {
      "cv_mae_mean": 5834.843299820534,
      "cv_mae_std": 184.52721080689085,
      "train_mae": 5805.542462715296,
      "train_r2": 0.006110589648841591,
      "test_mae": 5340.504710209606,
      "test_rmse": 6656.007166708573,
      "test_r2": -0.036200027072738505,
      "features_used": 5
    },
    "Lasso Regression": {
      "cv_mae_mean": 5835.301896546896,
      "cv_mae_std": 185.84426461238164,
      "train_mae": 5802.197370077687,
      "train_r2": 0.007020714960731755,
      "test_mae": 5346.145327913418,
      "test_rmse": 6677.438879895655,
      "test_r2": -0.04288370223084059,
      "features_used": 5
    },
    "Random Forest": {
      "cv_mae_mean": 6231.510015839533,
      "cv_mae_std": 306.49647002095884,
      "train_mae": 5528.760720055804,
      "train_r2": 0.10833673020109225,
      "test_mae": 5384.568298362674,
      "test_rmse": 6789.4996470353035,
      "test_r2": -0.07818076005389551,
      "features_used": 5
    },
    "Gradient Boosting": {
      "cv_mae_mean": 6153.918094081896,
      "cv_mae_std": 355.4638890197771,
      "train_mae": 5780.965539710824,
      "train_r2": 0.017320417070495253,
      "test_mae": 5332.124478173311,
      "test_rmse": 6631.586303477757,
      "test_r2": -0.02861034853957256,
      "features_used": 5
    },
    "Decision Tree": {
      "cv_mae_mean": 6884.0773434141065,
      "cv_mae_std": 224.102103532665,
      "train_mae": 5755.903735635044,
      "train_r2": 0.02853792359473728,
      "test_mae": 5424.640667202353,
      "test_rmse": 6816.99267064912,
      "test_r2": -0.08693029002976749,
      "features_used": 5
    },
    "XGBoost": {
      "cv_mae_mean": 6885.776490802518,
      "cv_mae_std": 334.26978159350824,
      "train_mae": 5788.0529214468625,
      "train_r2": 0.014299769571672782,
      "test_mae": 5330.633211288183,
      "test_rmse": 6627.677052375655,
      "test_r2": -0.027397995790911622,
      "features_used": 5
    },
    "CatBoost": {
      "cv_mae_mean": 6374.22924998624,
      "cv_mae_std": 313.92393811896704,
      "train_mae": 5804.002942542261,
      "train_r2": 0.008123971179172296,
      "test_mae": 5333.6911623903925,
      "test_rmse": 6630.480152598714,
      "test_r2": -0.028267232037246792,
      "features_used": 5
    },
    "LightGBM": {
      "cv_mae_mean": 6693.713235427293,
      "cv_mae_std": 282.30399276893735,
      "train_mae": 5781.048517398035,
      "train_r2": 0.016239195737929313,
      "test_mae": 5327.286128064433,
      "test_rmse": 6635.928691308773,
      "test_r2": -0.029957865479679713,
      "features_used": 5
    }
  },
  "best_ev_model": "Gradient Boosting",
  "best_ice_model": "XGBoost",
  "system_specs": {
    "python_version": "3.12.9 | packaged by Anaconda, Inc. | (main, Feb  6 2025, 12:55:12) [Clang 14.0.6 ]",
    "numpy_version": "1.26.4",
    "pandas_version": "2.1.4",
    "sklearn_version": "unknown"
  },
  "performance_summary": {
    "best_ev_r2": 0.001596348416512794,
    "best_ice_r2": -0.027397995790911622,
    "ev_features_count": 7,
    "ice_features_count": 5
  }
}