,cv_mae_mean,cv_mae_std,test_mae,test_rmse,test_r2,cv_scores
Linear Regression,6090.0933800551265,183.7271604600384,6274.886475265093,7893.439637234174,-0.022758721664925652,"[-5927.303991701782, -6204.622720402777, -5949.348626191355, -5970.714389340671, -6398.477172639049]"
Gradient Boosting,6379.412031262033,194.12523323420447,6690.091447819895,8117.037902732724,-0.08152298866432939,"[-6337.679617037118, -6614.321998909002, -6058.441565531041, -6544.083458278472, -6342.533516554531]"
Random Forest,6327.017247245609,203.29296971122537,6788.6675741425315,8172.822111098722,-0.09643956771242146,"[-6151.354636278089, -6472.5466965813885, -6021.9979777098615, -6442.614364591301, -6546.572561067411]"
CatBoost,6524.947266395464,185.07976195071265,7144.897949926452,8655.713834392369,-0.22983369305917178,"[-6669.506108586034, -6546.812538667871, -6163.32846402623, -6628.813625872133, -6616.275594825047]"
XGBoost,6783.916737813936,189.52300923280572,7250.345572188441,8859.3265280307,-0.2883742161958396,"[-6581.053654890851, -6864.268666586559, -6709.6553521536825, -7113.723104794711, -6650.882910643876]"
LightGBM,6754.942727181905,172.68287892587026,7344.309794528589,8932.221484114056,-0.3096630476148352,"[-6695.37367294752, -6599.6993408320295, -6604.806210869038, -7064.525541395997, -6810.308869864934]"
Decision Tree,8824.921860140317,222.0814027500538,8702.41970118471,11077.855770802675,-1.0144292567954474,"[-8769.444279639467, -8810.0501185069, -8587.33279804148, -8714.845383925936, -9242.936720587812]"
