model,test_mae,test_rmse,test_r2
Random Forest,10467.44740554156,13363.7173747589,0.5498228496644632
Linear Regression,10329.337542220324,13388.912651578332,0.5481237670309067
