model,test_mae,test_rmse,test_r2
Linear Regression,28718.875490349987,36394.70753529691,0.09614329482252126
Random Forest,28787.323368513844,36604.35916924962,0.08569997265624485
